David1,david@test.com1,010-1234-1234
David2,david@test.com2,010-1234-1235
David3,david@test.com3,010-1234-1236
David4,david@test.com4,010-1234-1237
David5,david@test.com5,010-1234-1238
David6,david@test.com6,010-1234-1239
David7,david@test.com7,010-1234-1240
David8,david@test.com8,010-1234-1241
David9,david@test.com9,010-1234-1242
David10,david@test.com10,010-1234-1243
David11,david@test.com11,010-1234-1244
David12,david@test.com12,010-1234-1245
David13,david@test.com13,010-1234-1246
David14,david@test.com14,010-1234-1247
David15,david@test.com15,010-1234-1248
David16,david@test.com16,010-1234-1249
David17,david@test.com17,010-1234-1250
David18,david@test.com18,010-1234-1251
David19,david@test.com19,010-1234-1252
David20,david@test.com20,010-1234-1253
David21,david@test.com21,010-1234-1254
David22,david@test.com22,010-1234-1255
David23,david@test.com23,010-1234-1256
David24,david@test.com24,010-1234-1257
David25,david@test.com25,010-1234-1258
David26,david@test.com26,010-1234-1259
David27,david@test.com27,010-1234-1260
David28,david@test.com28,010-1234-1261
David29,david@test.com29,010-1234-1262
David30,david@test.com30,010-1234-1263
David31,david@test.com31,010-1234-1264
David32,david@test.com32,010-1234-1265
David33,david@test.com33,010-1234-1266
David34,david@test.com34,010-1234-1267
David35,david@test.com35,010-1234-1268
David36,david@test.com36,010-1234-1269
David37,david@test.com37,010-1234-1270
David38,david@test.com38,010-1234-1271
David39,david@test.com39,010-1234-1272
David40,david@test.com40,010-1234-1273
David41,david@test.com41,010-1234-1274
David42,david@test.com42,010-1234-1275
David43,david@test.com43,010-1234-1276
David44,david@test.com44,010-1234-1277
David45,david@test.com45,010-1234-1278
David46,david@test.com46,010-1234-1279
David47,david@test.com47,010-1234-1280
David48,david@test.com48,010-1234-1281
David49,david@test.com49,010-1234-1282
David50,david@test.com50,010-1234-1283
David51,david@test.com51,010-1234-1284
David52,david@test.com52,010-1234-1285
David53,david@test.com53,010-1234-1286
David54,david@test.com54,010-1234-1287
David55,david@test.com55,010-1234-1288
David56,david@test.com56,010-1234-1289
David57,david@test.com57,010-1234-1290
David58,david@test.com58,010-1234-1291
David59,david@test.com59,010-1234-1292
David60,david@test.com60,010-1234-1293
David61,david@test.com61,010-1234-1294
David62,david@test.com62,010-1234-1295
David63,david@test.com63,010-1234-1296
David64,david@test.com64,010-1234-1297
David65,david@test.com65,010-1234-1298
David66,david@test.com66,010-1234-1299
David67,david@test.com67,010-1234-1300
David68,david@test.com68,010-1234-1301
David69,david@test.com69,010-1234-1302
David70,david@test.com70,010-1234-1303
David71,david@test.com71,010-1234-1304
David72,david@test.com72,010-1234-1305
David73,david@test.com73,010-1234-1306
David74,david@test.com74,010-1234-1307
David75,david@test.com75,010-1234-1308
David76,david@test.com76,010-1234-1309
David77,david@test.com77,010-1234-1310
David78,david@test.com78,010-1234-1311
David79,david@test.com79,010-1234-1312
David80,david@test.com80,010-1234-1313
David81,david@test.com81,010-1234-1314
David82,david@test.com82,010-1234-1315
David83,david@test.com83,010-1234-1316
David84,david@test.com84,010-1234-1317
David85,david@test.com85,010-1234-1318
David86,david@test.com86,010-1234-1319
David87,david@test.com87,010-1234-1320
David88,david@test.com88,010-1234-1321
David89,david@test.com89,010-1234-1322
David90,david@test.com90,010-1234-1323
David91,david@test.com91,010-1234-1324
David92,david@test.com92,010-1234-1325
David93,david@test.com93,010-1234-1326
David94,david@test.com94,010-1234-1327
David95,david@test.com95,010-1234-1328
David96,david@test.com96,010-1234-1329
David97,david@test.com97,010-1234-1330
David98,david@test.com98,010-1234-1331
David99,david@test.com99,010-1234-1332
David100,david@test.com100,010-1234-1333
John1,john@test.com1,010-2458-1234
John2,john@test.com2,010-2458-1235
John3,john@test.com3,010-2458-1236
John4,john@test.com4,010-2458-1237
John5,john@test.com5,010-2458-1238
John6,john@test.com6,010-2458-1239
John7,john@test.com7,010-2458-1240
John8,john@test.com8,010-2458-1241
John9,john@test.com9,010-2458-1242
John10,john@test.com10,010-2458-1243
John11,john@test.com11,010-2458-1244
John12,john@test.com12,010-2458-1245
John13,john@test.com13,010-2458-1246
John14,john@test.com14,010-2458-1247
John15,john@test.com15,010-2458-1248
John16,john@test.com16,010-2458-1249
John17,john@test.com17,010-2458-1250
John18,john@test.com18,010-2458-1251
John19,john@test.com19,010-2458-1252
John20,john@test.com20,010-2458-1253
John21,john@test.com21,010-2458-1254
John22,john@test.com22,010-2458-1255
John23,john@test.com23,010-2458-1256
John24,john@test.com24,010-2458-1257
John25,john@test.com25,010-2458-1258
John26,john@test.com26,010-2458-1259
John27,john@test.com27,010-2458-1260
John28,john@test.com28,010-2458-1261
John29,john@test.com29,010-2458-1262
John30,john@test.com30,010-2458-1263
John31,john@test.com31,010-2458-1264
John32,john@test.com32,010-2458-1265
John33,john@test.com33,010-2458-1266
John34,john@test.com34,010-2458-1267
John35,john@test.com35,010-2458-1268
John36,john@test.com36,010-2458-1269
John37,john@test.com37,010-2458-1270
John38,john@test.com38,010-2458-1271
John39,john@test.com39,010-2458-1272
John40,john@test.com40,010-2458-1273
John41,john@test.com41,010-2458-1274
John42,john@test.com42,010-2458-1275
John43,john@test.com43,010-2458-1276
John44,john@test.com44,010-2458-1277
John45,john@test.com45,010-2458-1278
John46,john@test.com46,010-2458-1279
John47,john@test.com47,010-2458-1280
John48,john@test.com48,010-2458-1281
John49,john@test.com49,010-2458-1282
John50,john@test.com50,010-2458-1283
John51,john@test.com51,010-2458-1284
John52,john@test.com52,010-2458-1285
John53,john@test.com53,010-2458-1286
John54,john@test.com54,010-2458-1287
John55,john@test.com55,010-2458-1288
John56,john@test.com56,010-2458-1289
John57,john@test.com57,010-2458-1290
John58,john@test.com58,010-2458-1291
John59,john@test.com59,010-2458-1292
John60,john@test.com60,010-2458-1293
John61,john@test.com61,010-2458-1294
John62,john@test.com62,010-2458-1295
John63,john@test.com63,010-2458-1296
John64,john@test.com64,010-2458-1297
John65,john@test.com65,010-2458-1298
John66,john@test.com66,010-2458-1299
John67,john@test.com67,010-2458-1300
John68,john@test.com68,010-2458-1301
John69,john@test.com69,010-2458-1302
John70,john@test.com70,010-2458-1303
John71,john@test.com71,010-2458-1304
John72,john@test.com72,010-2458-1305
John73,john@test.com73,010-2458-1306
John74,john@test.com74,010-2458-1307
John75,john@test.com75,010-2458-1308
John76,john@test.com76,010-2458-1309
John77,john@test.com77,010-2458-1310
John78,john@test.com78,010-2458-1311
John79,john@test.com79,010-2458-1312
John80,john@test.com80,010-2458-1313
John81,john@test.com81,010-2458-1314
John82,john@test.com82,010-2458-1315
John83,john@test.com83,010-2458-1316
John84,john@test.com84,010-2458-1317
John85,john@test.com85,010-2458-1318
John86,john@test.com86,010-2458-1319
John87,john@test.com87,010-2458-1320
John88,john@test.com88,010-2458-1321
John89,john@test.com89,010-2458-1322
John90,john@test.com90,010-2458-1323
John91,john@test.com91,010-2458-1324
John92,john@test.com92,010-2458-1325
John93,john@test.com93,010-2458-1326
John94,john@test.com94,010-2458-1327
John95,john@test.com95,010-2458-1328
John96,john@test.com96,010-2458-1329
John97,john@test.com97,010-2458-1330
John98,john@test.com98,010-2458-1331
John99,john@test.com99,010-2458-1332
John100,john@test.com100,010-2458-1333
Tommy1,tommy@test.com1,010-3321-1234
Tommy2,tommy@test.com2,010-3321-1235
Tommy3,tommy@test.com3,010-3321-1236
Tommy4,tommy@test.com4,010-3321-1237
Tommy5,tommy@test.com5,010-3321-1238
Tommy6,tommy@test.com6,010-3321-1239
Tommy7,tommy@test.com7,010-3321-1240
Tommy8,tommy@test.com8,010-3321-1241
Tommy9,tommy@test.com9,010-3321-1242
Tommy10,tommy@test.com10,010-3321-1243
Tommy11,tommy@test.com11,010-3321-1244
Tommy12,tommy@test.com12,010-3321-1245
Tommy13,tommy@test.com13,010-3321-1246
Tommy14,tommy@test.com14,010-3321-1247
Tommy15,tommy@test.com15,010-3321-1248
Tommy16,tommy@test.com16,010-3321-1249
Tommy17,tommy@test.com17,010-3321-1250
Tommy18,tommy@test.com18,010-3321-1251
Tommy19,tommy@test.com19,010-3321-1252
Tommy20,tommy@test.com20,010-3321-1253
Tommy21,tommy@test.com21,010-3321-1254
Tommy22,tommy@test.com22,010-3321-1255
Tommy23,tommy@test.com23,010-3321-1256
Tommy24,tommy@test.com24,010-3321-1257
Tommy25,tommy@test.com25,010-3321-1258
Tommy26,tommy@test.com26,010-3321-1259
Tommy27,tommy@test.com27,010-3321-1260
Tommy28,tommy@test.com28,010-3321-1261
Tommy29,tommy@test.com29,010-3321-1262
Tommy30,tommy@test.com30,010-3321-1263
Tommy31,tommy@test.com31,010-3321-1264
Tommy32,tommy@test.com32,010-3321-1265
Tommy33,tommy@test.com33,010-3321-1266
Tommy34,tommy@test.com34,010-3321-1267
Tommy35,tommy@test.com35,010-3321-1268
Tommy36,tommy@test.com36,010-3321-1269
Tommy37,tommy@test.com37,010-3321-1270
Tommy38,tommy@test.com38,010-3321-1271
Tommy39,tommy@test.com39,010-3321-1272
Tommy40,tommy@test.com40,010-3321-1273
Tommy41,tommy@test.com41,010-3321-1274
Tommy42,tommy@test.com42,010-3321-1275
Tommy43,tommy@test.com43,010-3321-1276
Tommy44,tommy@test.com44,010-3321-1277
Tommy45,tommy@test.com45,010-3321-1278
Tommy46,tommy@test.com46,010-3321-1279
Tommy47,tommy@test.com47,010-3321-1280
Tommy48,tommy@test.com48,010-3321-1281
Tommy49,tommy@test.com49,010-3321-1282
Tommy50,tommy@test.com50,010-3321-1283
Tommy51,tommy@test.com51,010-3321-1284
Tommy52,tommy@test.com52,010-3321-1285
Tommy53,tommy@test.com53,010-3321-1286
Tommy54,tommy@test.com54,010-3321-1287
Tommy55,tommy@test.com55,010-3321-1288
Tommy56,tommy@test.com56,010-3321-1289
Tommy57,tommy@test.com57,010-3321-1290
Tommy58,tommy@test.com58,010-3321-1291
Tommy59,tommy@test.com59,010-3321-1292
Tommy60,tommy@test.com60,010-3321-1293
Tommy61,tommy@test.com61,010-3321-1294
Tommy62,tommy@test.com62,010-3321-1295
Tommy63,tommy@test.com63,010-3321-1296
Tommy64,tommy@test.com64,010-3321-1297
Tommy65,tommy@test.com65,010-3321-1298
Tommy66,tommy@test.com66,010-3321-1299
Tommy67,tommy@test.com67,010-3321-1300
Tommy68,tommy@test.com68,010-3321-1301
Tommy69,tommy@test.com69,010-3321-1302
Tommy70,tommy@test.com70,010-3321-1303
Tommy71,tommy@test.com71,010-3321-1304
Tommy72,tommy@test.com72,010-3321-1305
Tommy73,tommy@test.com73,010-3321-1306
Tommy74,tommy@test.com74,010-3321-1307
Tommy75,tommy@test.com75,010-3321-1308
Tommy76,tommy@test.com76,010-3321-1309
Tommy77,tommy@test.com77,010-3321-1310
Tommy78,tommy@test.com78,010-3321-1311
Tommy79,tommy@test.com79,010-3321-1312
Tommy80,tommy@test.com80,010-3321-1313
Tommy81,tommy@test.com81,010-3321-1314
Tommy82,tommy@test.com82,010-3321-1315
Tommy83,tommy@test.com83,010-3321-1316
Tommy84,tommy@test.com84,010-3321-1317
Tommy85,tommy@test.com85,010-3321-1318
Tommy86,tommy@test.com86,010-3321-1319
Tommy87,tommy@test.com87,010-3321-1320
Tommy88,tommy@test.com88,010-3321-1321
Tommy89,tommy@test.com89,010-3321-1322
Tommy90,tommy@test.com90,010-3321-1323
Tommy91,tommy@test.com91,010-3321-1324
Tommy92,tommy@test.com92,010-3321-1325
Tommy93,tommy@test.com93,010-3321-1326
Tommy94,tommy@test.com94,010-3321-1327
Tommy95,tommy@test.com95,010-3321-1328
Tommy96,tommy@test.com96,010-3321-1329
Tommy97,tommy@test.com97,010-3321-1330
Tommy98,tommy@test.com98,010-3321-1331
Tommy99,tommy@test.com99,010-3321-1332
Tommy100,tommy@test.com100,010-3321-1333
Neo1,neo@test.com1,010-4032-1234
Neo2,neo@test.com2,010-4032-1235
Neo3,neo@test.com3,010-4032-1236
Neo4,neo@test.com4,010-4032-1237
Neo5,neo@test.com5,010-4032-1238
Neo6,neo@test.com6,010-4032-1239
Neo7,neo@test.com7,010-4032-1240
Neo8,neo@test.com8,010-4032-1241
Neo9,neo@test.com9,010-4032-1242
Neo10,neo@test.com10,010-4032-1243
Neo11,neo@test.com11,010-4032-1244
Neo12,neo@test.com12,010-4032-1245
Neo13,neo@test.com13,010-4032-1246
Neo14,neo@test.com14,010-4032-1247
Neo15,neo@test.com15,010-4032-1248
Neo16,neo@test.com16,010-4032-1249
Neo17,neo@test.com17,010-4032-1250
Neo18,neo@test.com18,010-4032-1251
Neo19,neo@test.com19,010-4032-1252
Neo20,neo@test.com20,010-4032-1253
Neo21,neo@test.com21,010-4032-1254
Neo22,neo@test.com22,010-4032-1255
Neo23,neo@test.com23,010-4032-1256
Neo24,neo@test.com24,010-4032-1257
Neo25,neo@test.com25,010-4032-1258
Neo26,neo@test.com26,010-4032-1259
Neo27,neo@test.com27,010-4032-1260
Neo28,neo@test.com28,010-4032-1261
Neo29,neo@test.com29,010-4032-1262
Neo30,neo@test.com30,010-4032-1263
Neo31,neo@test.com31,010-4032-1264
Neo32,neo@test.com32,010-4032-1265
Neo33,neo@test.com33,010-4032-1266
Neo34,neo@test.com34,010-4032-1267
Neo35,neo@test.com35,010-4032-1268
Neo36,neo@test.com36,010-4032-1269
Neo37,neo@test.com37,010-4032-1270
Neo38,neo@test.com38,010-4032-1271
Neo39,neo@test.com39,010-4032-1272
Neo40,neo@test.com40,010-4032-1273
Neo41,neo@test.com41,010-4032-1274
Neo42,neo@test.com42,010-4032-1275
Neo43,neo@test.com43,010-4032-1276
Neo44,neo@test.com44,010-4032-1277
Neo45,neo@test.com45,010-4032-1278
Neo46,neo@test.com46,010-4032-1279
Neo47,neo@test.com47,010-4032-1280
Neo48,neo@test.com48,010-4032-1281
Neo49,neo@test.com49,010-4032-1282
Neo50,neo@test.com50,010-4032-1283
Neo51,neo@test.com51,010-4032-1284
Neo52,neo@test.com52,010-4032-1285
Neo53,neo@test.com53,010-4032-1286
Neo54,neo@test.com54,010-4032-1287
Neo55,neo@test.com55,010-4032-1288
Neo56,neo@test.com56,010-4032-1289
Neo57,neo@test.com57,010-4032-1290
Neo58,neo@test.com58,010-4032-1291
Neo59,neo@test.com59,010-4032-1292
Neo60,neo@test.com60,010-4032-1293
Neo61,neo@test.com61,010-4032-1294
Neo62,neo@test.com62,010-4032-1295
Neo63,neo@test.com63,010-4032-1296
Neo64,neo@test.com64,010-4032-1297
Neo65,neo@test.com65,010-4032-1298
Neo66,neo@test.com66,010-4032-1299
Neo67,neo@test.com67,010-4032-1300
Neo68,neo@test.com68,010-4032-1301
Neo69,neo@test.com69,010-4032-1302
Neo70,neo@test.com70,010-4032-1303
Neo71,neo@test.com71,010-4032-1304
Neo72,neo@test.com72,010-4032-1305
Neo73,neo@test.com73,010-4032-1306
Neo74,neo@test.com74,010-4032-1307
Neo75,neo@test.com75,010-4032-1308
Neo76,neo@test.com76,010-4032-1309
Neo77,neo@test.com77,010-4032-1310
Neo78,neo@test.com78,010-4032-1311
Neo79,neo@test.com79,010-4032-1312
Neo80,neo@test.com80,010-4032-1313
Neo81,neo@test.com81,010-4032-1314
Neo82,neo@test.com82,010-4032-1315
Neo83,neo@test.com83,010-4032-1316
Neo84,neo@test.com84,010-4032-1317
Neo85,neo@test.com85,010-4032-1318
Neo86,neo@test.com86,010-4032-1319
Neo87,neo@test.com87,010-4032-1320
Neo88,neo@test.com88,010-4032-1321
Neo89,neo@test.com89,010-4032-1322
Neo90,neo@test.com90,010-4032-1323
Neo91,neo@test.com91,010-4032-1324
Neo92,neo@test.com92,010-4032-1325
Neo93,neo@test.com93,010-4032-1326
Neo94,neo@test.com94,010-4032-1327
Neo95,neo@test.com95,010-4032-1328
Neo96,neo@test.com96,010-4032-1329
Neo97,neo@test.com97,010-4032-1330
Neo98,neo@test.com98,010-4032-1331
Neo99,neo@test.com99,010-4032-1332
Neo100,neo@test.com100,010-4032-1333
Alice1,alice@test.com1,010-5021-1234
Alice2,alice@test.com2,010-5021-1235
Alice3,alice@test.com3,010-5021-1236
Alice4,alice@test.com4,010-5021-1237
Alice5,alice@test.com5,010-5021-1238
Alice6,alice@test.com6,010-5021-1239
Alice7,alice@test.com7,010-5021-1240
Alice8,alice@test.com8,010-5021-1241
Alice9,alice@test.com9,010-5021-1242
Alice10,alice@test.com10,010-5021-1243
Alice11,alice@test.com11,010-5021-1244
Alice12,alice@test.com12,010-5021-1245
Alice13,alice@test.com13,010-5021-1246
Alice14,alice@test.com14,010-5021-1247
Alice15,alice@test.com15,010-5021-1248
Alice16,alice@test.com16,010-5021-1249
Alice17,alice@test.com17,010-5021-1250
Alice18,alice@test.com18,010-5021-1251
Alice19,alice@test.com19,010-5021-1252
Alice20,alice@test.com20,010-5021-1253
Alice21,alice@test.com21,010-5021-1254
Alice22,alice@test.com22,010-5021-1255
Alice23,alice@test.com23,010-5021-1256
Alice24,alice@test.com24,010-5021-1257
Alice25,alice@test.com25,010-5021-1258
Alice26,alice@test.com26,010-5021-1259
Alice27,alice@test.com27,010-5021-1260
Alice28,alice@test.com28,010-5021-1261
Alice29,alice@test.com29,010-5021-1262
Alice30,alice@test.com30,010-5021-1263
Alice31,alice@test.com31,010-5021-1264
Alice32,alice@test.com32,010-5021-1265
Alice33,alice@test.com33,010-5021-1266
Alice34,alice@test.com34,010-5021-1267
Alice35,alice@test.com35,010-5021-1268
Alice36,alice@test.com36,010-5021-1269
Alice37,alice@test.com37,010-5021-1270
Alice38,alice@test.com38,010-5021-1271
Alice39,alice@test.com39,010-5021-1272
Alice40,alice@test.com40,010-5021-1273
Alice41,alice@test.com41,010-5021-1274
Alice42,alice@test.com42,010-5021-1275
Alice43,alice@test.com43,010-5021-1276
Alice44,alice@test.com44,010-5021-1277
Alice45,alice@test.com45,010-5021-1278
Alice46,alice@test.com46,010-5021-1279
Alice47,alice@test.com47,010-5021-1280
Alice48,alice@test.com48,010-5021-1281
Alice49,alice@test.com49,010-5021-1282
Alice50,alice@test.com50,010-5021-1283
Alice51,alice@test.com51,010-5021-1284
Alice52,alice@test.com52,010-5021-1285
Alice53,alice@test.com53,010-5021-1286
Alice54,alice@test.com54,010-5021-1287
Alice55,alice@test.com55,010-5021-1288
Alice56,alice@test.com56,010-5021-1289
Alice57,alice@test.com57,010-5021-1290
Alice58,alice@test.com58,010-5021-1291
Alice59,alice@test.com59,010-5021-1292
Alice60,alice@test.com60,010-5021-1293
Alice61,alice@test.com61,010-5021-1294
Alice62,alice@test.com62,010-5021-1295
Alice63,alice@test.com63,010-5021-1296
Alice64,alice@test.com64,010-5021-1297
Alice65,alice@test.com65,010-5021-1298
Alice66,alice@test.com66,010-5021-1299
Alice67,alice@test.com67,010-5021-1300
Alice68,alice@test.com68,010-5021-1301
Alice69,alice@test.com69,010-5021-1302
Alice70,alice@test.com70,010-5021-1303
Alice71,alice@test.com71,010-5021-1304
Alice72,alice@test.com72,010-5021-1305
Alice73,alice@test.com73,010-5021-1306
Alice74,alice@test.com74,010-5021-1307
Alice75,alice@test.com75,010-5021-1308
Alice76,alice@test.com76,010-5021-1309
Alice77,alice@test.com77,010-5021-1310
Alice78,alice@test.com78,010-5021-1311
Alice79,alice@test.com79,010-5021-1312
Alice80,alice@test.com80,010-5021-1313
Alice81,alice@test.com81,010-5021-1314
Alice82,alice@test.com82,010-5021-1315
Alice83,alice@test.com83,010-5021-1316
Alice84,alice@test.com84,010-5021-1317
Alice85,alice@test.com85,010-5021-1318
Alice86,alice@test.com86,010-5021-1319
Alice87,alice@test.com87,010-5021-1320
Alice88,alice@test.com88,010-5021-1321
Alice89,alice@test.com89,010-5021-1322
Alice90,alice@test.com90,010-5021-1323
Alice91,alice@test.com91,010-5021-1324
Alice92,alice@test.com92,010-5021-1325
Alice93,alice@test.com93,010-5021-1326
Alice94,alice@test.com94,010-5021-1327
Alice95,alice@test.com95,010-5021-1328
Alice96,alice@test.com96,010-5021-1329
Alice97,alice@test.com97,010-5021-1330
Alice98,alice@test.com98,010-5021-1331
Alice99,alice@test.com99,010-5021-1332
Alice100,alice@test.com100,010-5021-1333
Mike1,mike@test.com1,010-6012-1234
Mike2,mike@test.com2,010-6012-1235
Mike3,mike@test.com3,010-6012-1236
Mike4,mike@test.com4,010-6012-1237
Mike5,mike@test.com5,010-6012-1238
Mike6,mike@test.com6,010-6012-1239
Mike7,mike@test.com7,010-6012-1240
Mike8,mike@test.com8,010-6012-1241
Mike9,mike@test.com9,010-6012-1242
Mike10,mike@test.com10,010-6012-1243
Mike11,mike@test.com11,010-6012-1244
Mike12,mike@test.com12,010-6012-1245
Mike13,mike@test.com13,010-6012-1246
Mike14,mike@test.com14,010-6012-1247
Mike15,mike@test.com15,010-6012-1248
Mike16,mike@test.com16,010-6012-1249
Mike17,mike@test.com17,010-6012-1250
Mike18,mike@test.com18,010-6012-1251
Mike19,mike@test.com19,010-6012-1252
Mike20,mike@test.com20,010-6012-1253
Mike21,mike@test.com21,010-6012-1254
Mike22,mike@test.com22,010-6012-1255
Mike23,mike@test.com23,010-6012-1256
Mike24,mike@test.com24,010-6012-1257
Mike25,mike@test.com25,010-6012-1258
Mike26,mike@test.com26,010-6012-1259
Mike27,mike@test.com27,010-6012-1260
Mike28,mike@test.com28,010-6012-1261
Mike29,mike@test.com29,010-6012-1262
Mike30,mike@test.com30,010-6012-1263
Mike31,mike@test.com31,010-6012-1264
Mike32,mike@test.com32,010-6012-1265
Mike33,mike@test.com33,010-6012-1266
Mike34,mike@test.com34,010-6012-1267
Mike35,mike@test.com35,010-6012-1268
Mike36,mike@test.com36,010-6012-1269
Mike37,mike@test.com37,010-6012-1270
Mike38,mike@test.com38,010-6012-1271
Mike39,mike@test.com39,010-6012-1272
Mike40,mike@test.com40,010-6012-1273
Mike41,mike@test.com41,010-6012-1274
Mike42,mike@test.com42,010-6012-1275
Mike43,mike@test.com43,010-6012-1276
Mike44,mike@test.com44,010-6012-1277
Mike45,mike@test.com45,010-6012-1278
Mike46,mike@test.com46,010-6012-1279
Mike47,mike@test.com47,010-6012-1280
Mike48,mike@test.com48,010-6012-1281
Mike49,mike@test.com49,010-6012-1282
Mike50,mike@test.com50,010-6012-1283
Mike51,mike@test.com51,010-6012-1284
Mike52,mike@test.com52,010-6012-1285
Mike53,mike@test.com53,010-6012-1286
Mike54,mike@test.com54,010-6012-1287
Mike55,mike@test.com55,010-6012-1288
Mike56,mike@test.com56,010-6012-1289
Mike57,mike@test.com57,010-6012-1290
Mike58,mike@test.com58,010-6012-1291
Mike59,mike@test.com59,010-6012-1292
Mike60,mike@test.com60,010-6012-1293
Mike61,mike@test.com61,010-6012-1294
Mike62,mike@test.com62,010-6012-1295
Mike63,mike@test.com63,010-6012-1296
Mike64,mike@test.com64,010-6012-1297
Mike65,mike@test.com65,010-6012-1298
Mike66,mike@test.com66,010-6012-1299
Mike67,mike@test.com67,010-6012-1300
Mike68,mike@test.com68,010-6012-1301
Mike69,mike@test.com69,010-6012-1302
Mike70,mike@test.com70,010-6012-1303
Mike71,mike@test.com71,010-6012-1304
Mike72,mike@test.com72,010-6012-1305
Mike73,mike@test.com73,010-6012-1306
Mike74,mike@test.com74,010-6012-1307
Mike75,mike@test.com75,010-6012-1308
Mike76,mike@test.com76,010-6012-1309
Mike77,mike@test.com77,010-6012-1310
Mike78,mike@test.com78,010-6012-1311
Mike79,mike@test.com79,010-6012-1312
Mike80,mike@test.com80,010-6012-1313
Mike81,mike@test.com81,010-6012-1314
Mike82,mike@test.com82,010-6012-1315
Mike83,mike@test.com83,010-6012-1316
Mike84,mike@test.com84,010-6012-1317
Mike85,mike@test.com85,010-6012-1318
Mike86,mike@test.com86,010-6012-1319
Mike87,mike@test.com87,010-6012-1320
Mike88,mike@test.com88,010-6012-1321
Mike89,mike@test.com89,010-6012-1322
Mike90,mike@test.com90,010-6012-1323
Mike91,mike@test.com91,010-6012-1324
Mike92,mike@test.com92,010-6012-1325
Mike93,mike@test.com93,010-6012-1326
Mike94,mike@test.com94,010-6012-1327
Mike95,mike@test.com95,010-6012-1328
Mike96,mike@test.com96,010-6012-1329
Mike97,mike@test.com97,010-6012-1330
Mike98,mike@test.com98,010-6012-1331
Mike99,mike@test.com99,010-6012-1332
Mike100,mike@test.com100,010-6012-1333